Player,RSCI_Ranking,RSCI_Season
Josh Jackson,1,2016
Harry Giles,2,2016
Jayson Tatum,3,2016
Markelle Fultz,4,2016
Lonzo Ball,5,2016
De'Aaron Fox,6,2016
Dennis Smith,7,2016
Bam Adebayo,8,2016
Thon Maker,9,2016
Jonathan Isaac,10,2016
Malik Monk,11,2016
Miles Bridges,12,2016
Terrance Ferguson,13,2016
Frank Jackson,14,2016
Wenyen Gabriel,15,2016
Marques Bolden,16,2016
T.J. Leaf,17,2016
Jarrett Allen,18,2016
Rawle Alkins,19,2016
Omari Spellman,20,2016
Josh Langford,21,2016
Mustapha Heron,22,2016
Dewan Hernandez,23,2016
Kobi Simmons,24,2016
V.J. King,25,2016
Andrew Jones,26,2016
Sacha Killeya-Jones,27,2016
Bruce Brown,28,2016
Udoka Azubuike,29,2016
Tony Bradley,30,2016
Alterique Gilbert,31,2016
Cassius Winston,32,2016
Tyus Battle,33,2016
Kyle Guy,34,2016
Justin Jackson (Canada),35,2016
Zach Collins,36,2016
Javin Delaurier,37,2016
Kameron McGusty,38,2016
DeRon Davis,39,2016
Juwan Durham,40,2016
Mario Kegler,41,2016
De'Riante Jenkins,42,2016
Nick Ward,43,2016
Seventh Woods,44,2016
Shamorie Ponds,45,2016
Sam Cunliffe,46,2016
Ty Jerome,47,2016
Amir Coffey,48,2016
Tony Carr,49,2016
DeJon Jarreau,50,2016
Payton Pritchard,51,2016
Braxton Key,52,2016
Ike Anigbogu,53,2016
Schnider Herard,54,2016
Jayce Johnson,55,2016
Jarron Cumberland,56,2016
Matthew Moyer,57,2016
Anthony Cowan,58,2016
Jaylen Fisher,59,2016
Jay Huff,60,2016
J.J. Caldwell,61,2016
James Banks,62,2016
Kevin Huerter,63,2016
Robert Williams,64,2016
Ted Kapita,65,2016
Brandon Robinson,66,2016
Zavier Simpson,67,2016
Trent Forrest,68,2016
Brendan Bailey,69,2016
Vance Jackson,70,2016
Mark Vital,71,2016
Curtis Jones,72,2016
Taurean Thompson,73,2016
Tyler Cook,74,2016
Temple Gibbs,75,2016
Derek Funderburk,76,2016
Charlie Moore,77,2016
Romello White,78,2016
Michael Cage,79,2016
De'Andre Hunter,80,2016
Tyson Carter,81,2016
Eli Wright,82,2016
Jared Harper,83,2016
Quentin Goodin,84,2016
JaQuori McLaughlin,85,2016
Troy Baxter,86,2016
Markus Howard,87,2016
Kostas Antetokounmpo,88,2016
Lamar Stevens,89,2016
Lamar Peters,90,2016
Sam Hauser,91,2016
Tyree Crump,92,2016
Jonah Mathews,93,2016
Gavin Baxter,94,2016
Abdul Ado,95,2016
Myles Powell,96,2016
Deshawn Corprew,97,2016
Markell Johnson,98,2016
Jacob Young,99,2016
Kodye Pugh,100,2016
Sedee Keita,101,2016
Keith Smith,102,2016
Skylar Mays,103,2016
Mitch Lightfoot,104,2016
Joey Brunk,105,2016
Carsen Edwards,106,2016
Zach Norvell,107,2016
Jethro Tshisumpa Mbiya,108,2016
Eric Hester,109,2016
Jordan Harris,110,2016
Bryce Aiken,111,2016
Yoeli Childs,112,2016
Chris Lewis,113,2016
Devearl Ramsey,114,2016
Clevon Brown,115,2016
Tyrique Jones,116,2016
Breein Tyree,117,2016
Alpha Diallo,118,2016
Kristian Doolittle,119,2016
Rapolas Ivanauskas,120,2016
Mamadou Diarra,121,2016
Rodney Miller,122,2016
Seth Towns,123,2016
Brison Gresham,124,2016
Trevor Stanback,125,2016
Eric Curry,126,2016
DeAndre Williams,127,2016
Cameron McGriff,128,2016
Eron Gordon,129,2016
John Mooney,130,2016
Kwe Parker,131,2016
Maliek White,132,2016
Payton Willis,133,2016
Xavier Sneed,134,2016
Jon Teske,135,2016
Oscar Frayer,136,2016
Jakolby Long,137,2016
Josh Hall,138,2016
Cameron Lard,139,2016
Harry Froling,140,2016
Barret Benson,141,2016
Jordan Ford,142,2016
Austin Davis,143,2016
Jordan Bone,144,2016
Kamar Baldwin,145,2016
Micah Thomas,146,2016
Dylan Painter,147,2016
William McDowell-White,148,2016
Isaiah Roby,149,2016
Quentin Jackson,150,2016
Koby McEwen,151,2016
Rui Hachimura,152,2016
Solomon Young,153,2016
John Fulkerson,154,2016
Jagan Mosely,155,2016
Jalen Johnson,156,2016
Kobe Paras,157,2016
Nate Morris,158,2016
Jalen McDaniels,159,2016
De'Monte Buckingham,160,2016
C.J. Walker,161,2016
Cameron Satterwhite,162,2016
Jordy Tshimanga,163,2016
Lindy Waters,164,2016
Jordan Bruner,165,2016
Cheickna Dembele,166,2016
Kevin Marfo,167,2016
Reggie Todd,168,2016
Eddie Ekiyor,169,2016
Corey Manigault,170,2016
Robert Baker,171,2016
Christian Matthews,172,2016
Nicola Djogo,173,2016
Daron Henson,174,2016
Bruno Fernando,175,2016
Papa NDiaye,176,2016
Sagaba Konate,177,2016
Tim Harrison,178,2016
Samuel Timmins,179,2016
Alani Moore,180,2016
Darius Hicks,181,2016
Chris Baldwin,182,2016
Nysier Brooks,183,2016
Tervell Beck,184,2016
Brock Bertram,185,2016
Jermaine Haley,186,2016
Curtis Hollis,187,2016
Jordan Bowden,188,2016
Brandon Childress,189,2016
Maciej Bender,190,2016
Jeriah Horne,191,2016
Antwan Walker,192,2016
Harold Baruti,193,2016
Dejan Vasiljevic,194,2016
Christian Terrell,195,2016
D'Marcus Simonds,196,2016
Tyrn Flowers,197,2016
Elijah Hughes,198,2016
Dillon Mitchel,199,2016
A.J. Oliver,200,2016
Milan Acquaah,201,2016
Devonte Green,202,2016
Gorjok Gak,203,2016
Harrison Henderson,204,2016
Lucas Siewert,205,2016
Brandon Cyrus,206,2016
Grant Williams,207,2016
Kieran Hayward,208,2016
Justice Kithcart,209,2016
Ibi Watson,210,2016
Clayton Hughes,211,2016
Howard Washington,212,2016
Daquan Bracey,213,2016
Devon Daniels,214,2016
Saul Phiri,215,2016
Brachen Hazen,216,2016
Charlie Brown,217,2016
Colin Slater,218,2016
Adrian Moore,219,2016
Leland Green,220,2016
Frankie Hughes,221,2016
Josh Okogie,222,2016
De'Anthony Melton,223,2016
Travis Atson,224,2016
Willie Jackson,225,2016
Matthew Freeman,226,2016
Malik Crowfield,227,2016
Christian Vital,228,2016
Quinton Rose,229,2016
Thomas Wilson,230,2016
Unique McLean,231,2016
A.J. Brodeur,232,2016
Tejon Lucas,233,2016
Wayde Sims,234,2016
Micah Potter,235,2016
Jack White,236,2016
Cartier Diarra,237,2016
Isiah Brown,238,2016
Scott Spencer,239,2016
Bryce Peters,240,2016
Ben Kone,241,2016
Mitchell Smith,242,2016
Alex Hobbs,243,2016
Richard Washington,244,2016
Braxton Beverly,245,2016
Ben Coupet,246,2016
Ty Graves,247,2016
Malik Fitts,248,2016
Anfernee McLemore,249,2016
Connor Harding,250,2016
Javien Williams,251,2016
Cordell Pemsl,252,2016
Joe Hampton,253,2016
Michael Hurt,254,2016
Josh Parrish,255,2016
Marvin Bagley,1,2017
Michael Porter,2,2017
Deandre Ayton,3,2017
Mohamed Bamba,4,2017
Wendell Carter,5,2017
Trevon Duval,6,2017
Collin Sexton,7,2017
Mitchell Robinson,8,2017
Jaren Jackson,9,2017
Kevin Knox,10,2017
Hamidou Diallo,11,2017
Troy Brown,12,2017
Brandon McCoy,13,2017
P.J. Washington,14,2017
Jarred Vanderbilt,15,2017
Lonnie Walker,16,2017
Nick Richards,17,2017
Gary Trent,18,2017
Brian Bowen,19,2017
Billy Preston,20,2017
Trae Young,21,2017
Kris Wilkes,22,2017
Jaylen Hands,23,2017
Quade Green,24,2017
Jontay Porter,25,2017
Malik Williams,26,2017
M.J. Walker,27,2017
Emmanuel Akot,28,2017
John Petty,29,2017
Jalek Felton,30,2017
Nick Weatherspoon,31,2017
Paul Scruggs,32,2017
Shai Gilgeous-Alexander,33,2017
Nickeil Alexander-Walker,34,2017
Chaundee Brown,35,2017
Daniel Gafford,36,2017
Brandon Randolph,37,2017
Ethan Thompson,38,2017
Jeremiah Tilmon,39,2017
Lindell Wigginton,40,2017
Tremont Waters,41,2017
Makai Ashton-Langford,42,2017
Charles O'Bannon,43,2017
Cody Riley,44,2017
KZ Okpala,45,2017
Chuma Okeke,46,2017
Jermaine Samuels,47,2017
Rayshaun Hammonds,48,2017
Daejon Davis,49,2017
D.J. Harvey,50,2017
Matt Coleman,51,2017
Marcus Garrett,52,2017
Jericho Sims,53,2017
Jordan Goodwin,54,2017
Savion Flagg,55,2017
Kimani Lawrence,56,2017
Davion Mitchell,57,2017
Naji Marshall,58,2017
Ira Lee,59,2017
Josh Anderson,60,2017
Jordan Tucker,61,2017
Isaiah Washington,62,2017
Jaylen Nowell,63,2017
Jalen Hill,64,2017
Bruno Fernando,65,2017
Ikey Obiagu,66,2017
Chris Lykes,67,2017
Alex O'Connell,68,2017
Nathan Reuvers,69,2017
Darius Perry,70,2017
Nojel Eastern,71,2017
D'Shawn Schwartz,72,2017
Wabissa Bede,73,2017
Jordan Nwora,74,2017
Jase Febres,75,2017
Jemarl Baker,76,2017
Kellan Grady,77,2017
Derek Culver,78,2017
Darryl Morsell,79,2017
Alex Reese,80,2017
Mitchell Ballock,81,2017
Kaleb Wesson,82,2017
Dhamir Cosby-Roundtree,83,2017
Myles Cale,84,2017
Xavier Tillman,85,2017
Ty-Shon Alexander,86,2017
Nate Watson,87,2017
Branden Carlson,88,2017
Jordan Poole,89,2017
Justin Smith,90,2017
Sidney Wilson,91,2017
Jamorko Pickett,92,2017
Jamal Cain,93,2017
Herb Jones,94,2017
Aamir Simms,95,2017
Lavar Batts,96,2017
Jacob Epperson,97,2017
Saben Lee,98,2017
Tristan Clark,99,2017
Kyle Young,100,2017
Brad Davison,101,2017
L.J. Figueroa,102,2017
DeAundrae Ballard,103,2017
Corey Kispert,104,2017
Terrence Lewis,105,2017
Jordan Usher,106,2017
Victor Bailey,107,2017
R.J. Nembhard,108,2017
Mark Smith,109,2017
Luka Garza,110,2017
Trent Frazier,111,2017
Chris Smith,112,2017
Alex Barcello,113,2017
O'Shae Brissett,114,2017
Brandon Rachal,115,2017
Kevin Samuel,116,2017
Oscar Da Silva,117,2017
Hameir Wright,118,2017
Musa Jallow,119,2017
Galen Alexander,120,2017
Isaiah Stokes,121,2017
Remy Martin,122,2017
Lance Thomas,123,2017
Tyler Bey,124,2017
Devontae Shuler,125,2017
Keith Williams,126,2017
Yves Pons,127,2017
Marcus Carr,128,2017
Zack Dawson,129,2017
Deng Gak,130,2017
Jamal Johnson,131,2017
Jay Jay Chandler,132,2017
Marek Dolezaj,133,2017
Kenny Wooten,134,2017
Royce Hamm,135,2017
Raiquan Gray,136,2017
Race Thompson,137,2017
Blake Harris,138,2017
David Beatty,139,2017
Thomas Allen,140,2017
Chase Johnson,141,2017
Bourama Sidibe,142,2017
Hasahn French,143,2017
Brandon Huffman,144,2017
C.J. Roberts,145,2017
Garrison Brooks,146,2017
Tyler Polley,147,2017
Clifton Moore,148,2017
Ejike Obinna,149,2017
Christian David,150,2017
Sandro Mamukelashvili,151,2017
Will Douglas,152,2017
Isaiah Livers,153,2017
Mayan Kiir,154,2017
Kobe King,155,2017
Elias Harden,156,2017
Jack Nunge,157,2017
Davide Moretti,158,2017
Theo John,159,2017
Evan Battey,160,2017
Khalil Garland,161,2017
Donnie Tillman,162,2017
Brandon Knapper,163,2017
Sam Waardenburg,164,2017
JP Moorman,165,2017
Jose Alvarado,166,2017
Aaron Wheeler,167,2017
Darius McNeill,168,2017
David Nickelberry,169,2017
Christian Popoola,170,2017
Dajour Dickens,171,2017
Greg Elliott,172,2017
DaMonte Williams,173,2017
A.J. Oliver,174,2017
Aljami Durham,175,2017
Jordan Walker,176,2017
Abu Kigab,177,2017
Malik Ondigo,178,2017
McKinley Wright,179,2017
Chiekh Mbacke Diong,180,2017
Jordan Schakel,181,2017
Goanar Mar,182,2017
Nic Claxton,183,2017
Brady Manek,184,2017
Victor Uyaelunmo,185,2017
Andrew Platek,186,2017
Wyatt Wilkes,187,2017
Zach Kent,188,2017
Juhwan Harris-Dyson,189,2017
Nate Pierre-Louis,190,2017
Eli Brooks,191,2017
LiAngelo Ball,192,2017
Sean Mobley,193,2017
Chris Duarte,194,2017
Malik William,195,2017
Fatts Russell,196,2017
Aaron Thompson,197,2017
Marco Anthony,198,2017
Connor McCaffery,199,2017
Jerald Butler,200,2017
Teddy Allen,201,2017
Jared Ridder,202,2017
Anthony Polite,203,2017
Cooper Neese,204,2017
Michael Okauru,205,2017
Justice Sueing,206,2017
Curtis Hollis,207,2017
Alonzo Verge,208,2017
Alfred Hollins,209,2017
Timmel Eggleston,210,2017
Shamiel Stevenson,211,2017
Elijah Landrum,212,2017
Walter Whyte,213,2017
Keyshawn Feazell,214,2017
Max Evans,215,2017
Devante Doutrive,216,2017
Parker Stewart,217,2017
Matt Turner,218,2017
Josh Carlton,219,2017
T.J. Starks,220,2017
Christopher Sodom,221,2017
Sterling Manley,222,2017
Zhaire Smith,223,2017
Jordan Davis,224,2017
Jahvon Blair,225,2017
Marcos Santos-Silva,226,2017
Mamadou Diarra,227,2017
J.J. Smith,228,2017
Jamir Moultrie,229,2017
Adam Seiko,230,2017
Justyn Hamilton,231,2017
Amauri Hardy,232,2017
Geo Baker,233,2017
Paul Reed,234,2017
Ethan Chargois,235,2017
Nana Akenten,236,2017
Damari Milstead,237,2017
Galin Smith,238,2017
Jhivvan Jackson,239,2017
Derrick Walker,240,2017
Hannes Polla,241,2017
Cameron Mack,242,2017
Clyde Trapp,243,2017
Roberto Gittens,244,2017
P.J. Horne,245,2017
Curtis Haywood,246,2017
Anthony Gaines,247,2017
Jaylen Butz,248,2017
David Collins,249,2017
R.J. Barrett,1,2018
Cameron Reddish,2,2018
Bol Bol,3,2018
Nassir Little,4,2018
Zion Williamson,5,2018
Romeo Langford,6,2018
Simi Shittu,7,2018
Quentin Grimes,8,2018
Charles Bassey,9,2018
E.J. Montgomery,10,2018
Tre Jones,11,2018
Keldon Johnson,12,2018
Darius Garland,13,2018
Ashton Hagans,14,2018
Naz Reid,15,2018
Darius Bazley,16,2018
Louis King,17,2018
Immanuel Quickley,18,2018
Jalen Smith,19,2018
Jordan Brown,20,2018
Coby White,21,2018
Andrew Nembhard,22,2018
Devon Dotson,23,2018
Jahvon Quinerly,24,2018
Moses Brown,25,2018
Jaylen Hoard,26,2018
Anfernee Simons,27,2018
Emmitt Williams,28,2018
Javonte Smart,29,2018
Reggie Perry,30,2018
Ayo Dosunmu,31,2018
Kevin Porter,32,2018
David McCormack,33,2018
Brandon Williams,34,2018
Shareef O'Neal,35,2018
Courtney Ramey,36,2018
Taeshon Cherry,37,2018
Gerald Liddell,38,2018
Joey Baker,39,2018
Tyler Herro,40,2018
Elijah Weaver,41,2018
Brandon Slater,42,2018
David Duke,43,2018
Jules Bernard,44,2018
Khavon Moore,45,2018
Robert Woodard,46,2018
Kamaka Hepa,47,2018
Will Richardson,48,2018
A.J. Reeves,49,2018
Joe Wieskamp,50,2018
Aaron Wiggins,51,2018
Daniel Oturu,52,2018
Jalen Carey,53,2018
Aaron Nesmith,54,2018
Carte'Are Gordon,55,2018
Miles Norris,56,2018
Cormac Ryan,57,2018
Michael Devoe,58,2018
Marcus Bingham,59,2018
Cole Swider,60,2018
Darius Days,61,2018
Brandon Johns,62,2018
Rechon Black,63,2018
Jairus Hamilton,64,2018
Jerome Hunter,65,2018
Luther Muhammad,66,2018
Talen Horton-Tucker,67,2018
Joey Hauser,68,2018
Eric Ayala,69,2018
Devonaire Doutrive,70,2018
Prentiss Hubb,71,2018
Nate Laszewski,72,2018
J'Raan Brooks,73,2018
Isaiah Mucius,74,2018
David Singleton,75,2018
Keyontae Johnson,76,2018
Noah Locke,77,2018
Matthew Mayer,78,2018
Luguentz Dort,79,2018
Robby Carmody,80,2018
Landers Nolley,81,2018
Filip Petrusev,82,2018
Tyler Harris,83,2018
Antwann Jones,84,2018
Jaedon LeDee,85,2018
A.J. Green,86,2018
Matthew Bradley,87,2018
Miller Kopp,88,2018
Jermaine Harris,89,2018
Montez Mathis,90,2018
Foster Loyer,91,2018
Keyshawn Embery,92,2018
Joshua LeBlanc,93,2018
Jeenathan Williams,94,2018
Tevian Jones,95,2018
Bryce Hamilton,96,2018
Pete Nance,97,2018
Colin Castleton,98,2018
Damezi Anderson,99,2018
Dalano Banton,100,2018
Zion Griffin,101,2018
James Akinjo,102,2018
Tyger Campbell,103,2018
Kaden Archie,104,2018
Jacobi Gordon,105,2018
Trey McGowens,106,2018
Dwayne Cohill,107,2018
Ignas Brazdeikis,108,2018
Noah Kirkwood,109,2018
Timmy Allen,110,2018
Bryce Wills,111,2018
A.J. Lawson,112,2018
Jared Butler,113,2018
Derek Culver,114,2018
Elijah Hardy,115,2018
Kendric Davis,116,2018
Elias Valtonen,117,2018
Jaelin Llewellyn,118,2018
Dane Goodwin,119,2018
Robert Phinisee,120,2018
Aaron Henry,121,2018
Ethan Henderson,122,2018
Gabe Brown,123,2018
Trevion Williams,124,2018
Saddiq Bey,125,2018
Jaxson Hayes,126,2018
Manny Bates,127,2018
Myreon Jones,128,2018
Greg Williams,129,2018
Nate Hinton,130,2018
Sam Froling,131,2018
Matthias Tass,132,2018
David DeJulius,133,2018
Amanze Ngumezi,134,2018
Ian Steere,135,2018
Jericole Hellems,136,2018
Jamal Bieniemy,137,2018
Alex Lomax,138,2018
Torrence Watson,139,2018
Valdir Manuel,140,2018
Eric Hunter,141,2018
T.J. Moss,142,2018
Jamal Bey,143,2018
Khalid Moore,144,2018
Marcus Zegarowski,145,2018
Uros Plavsic,146,2018
Jakob Forrester,147,2018
Jared Rhoden,148,2018
Drue Drinnon,149,2018
Jimmy Nichols,150,2018
Gabe Kalscheur,151,2018
Jordan McCabe,152,2018
Christian Bishop,153,2018
Jake Walter,154,2018
Logan Johnson,155,2018
Tyrese Martin,156,2018
Myles Dread,157,2018
Nelson Phillips,158,2018
D.J. Stewart,159,2018
Keenan Fitzmorris,160,2018
Thomas Kithier,161,2018
Feron Hunt,162,2018
Trey Doomes,163,2018
Blake Hinson,164,2018
Omar Thielemans,165,2018
Serrel Smith,166,2018
Francisco Caffaro,167,2018
Both Gach,168,2018
Luis Rodriguez,169,2018
Ignas Sargiunas,170,2018
Reggie Chaney,171,2018
Jarvis Omersa,172,2018
Rasir Bolton,173,2018
AuDiese Toney,174,2018
Kenneth Nwuba,175,2018
Joel Mensah,176,2018
Trey Jemison,177,2018
Kiyon Boyd,178,2018
Trey Woodbury,179,2018
Russell Barlow,180,2018
Spencer Freedman,181,2018
Franklin Agunanne,182,2018
Bryan Penn-Johnson,183,2018
Devin Vassell,184,2018
Morris Udeze,185,2018
Kristian Sjolund,186,2018
Isaiah Joe,187,2018
Jamie Lewis,188,2018
Lukas Kisunas,189,2018
Ochai Agbaji,190,2018
Kyler Edwards,191,2018
Jordan Lathon,192,2018
Taylor Currie,193,2018
Anthony Nelson,194,2018
DJ Burns,195,2018
Tyrese Haliburton,196,2018
KJ Hymes,197,2018
Robert Braswell,198,2018
Brock Cunningham,199,2018
Samba Diallo,200,2018
Markquis Nowell,201,2018
Bryce Golden,202,2018
Dana Tate,203,2018
Peter Byrd,204,2018
Duane Washington,205,2018
Tim Finke,206,2018
Nate Roberts,207,2018
John Newman,208,2018
Emmanuel Dowuona,209,2018
Rodgerick Brown,210,2018
Sharone Wright,211,2018
Tye Fagan,212,2018
Isaiah Kelly,213,2018
Jermaine Couisnard,214,2018
Jack Wilson,215,2018
Erik Stevenson,216,2018
Jonathan Kabongo,217,2018
Dontarius James,218,2018
Amadou Sow,219,2018
Isaac Chatman,220,2018
Mason Forbes,221,2018
Flynn Cameron,222,2018
Shaun Williams,223,2018
Riley Battin,224,2018
Diante Wood,225,2018
Adrien Nunez,226,2018
KJ Buffen,227,2018
Desi Sills,228,2018
Marcus Littles,229,2018
Kevin Zhang,230,2018
Alan Griffin,231,2018
Josh Roberts,232,2018
Kessler Edwards,233,2018
Emmitt Matthews,234,2018
Zac Watson,235,2018
Berrick Jean-Louis,236,2018
Xavier Johnson,237,2018
Sean Good,238,2018
Malik Riddle,239,2018
C.J. Fredrick,240,2018
Ronaldo Segu,241,2018
Mac McClung,242,2018
Isaac Likekele,243,2018
Brendan Adams,244,2018
Tristan Green,245,2018
Jay Nagle,246,2018
Justin Ahrens,247,2018
Kevin Easley,248,2018
Xavier Pinson,249,2018
Tony Johnson,250,2018
Xavier Castaneda,251,2018
Wynston Tabbs,252,2018
Ryan Boyce,253,2018
Florent Thamba,254,2018
Tavon Jones,255,2018
Ron Harper,256,2018
Greg Floyd,257,2018
George Maslennikov,258,2018
Kaison Hammonds,259,2018
Hunter Erickson,260,2018
Teddy Ochieng,261,2018
Jordan Phillips,262,2018
Nathan Mensah,263,2018
Andre Kelly,264,2018
Michael Barber,265,2018
Grayson Carter,266,2018
Payton Moore,267,2018
Adam Thistlewood,268,2018
Adam Trapp,269,2018
Hunter Tyson,270,2018
Keonte Kennedy,271,2018
James Wiseman,1,2019
Anthony Edwards,2,2019
Cole Anthony,3,2019
Vernon Carey,4,2019
RJ Hampton,5,2019
Isaiah Stewart,6,2019
Scottie Lewis,7,2019
Matthew Hurt,8,2019
Nico Mannion,9,2019
Tyrese Maxey,10,2019
Bryan Antoine,11,2019
Precious Achiuwa,12,2019
Josh Green,13,2019
Trendon Watford,14,2019
Jeremiah Robinson-Earl,15,2019
Kahlil Whitney,16,2019
Isaiah Mobley,17,2019
Armando Bacot,18,2019
Onyeka Okongwu,19,2019
Josiah James,20,2019
LaMelo Ball,21,2019
Keion Brooks,22,2019
Jaden McDaniels,23,2019
Wendell Moore,24,2019
Tre Mann,25,2019
Trayce Jackson-Davis,26,2019
William Baker,27,2019
Zach Harvey,28,2019
Cassius Stanley,29,2019
DJ Carton,30,2019
Jahmi'us Ramsey,31,2019
Jalen Lecque,32,2019
Isaac Okoro,33,2019
Zeke Nnaji,34,2019
Alonzo Gaffney,35,2019
D.J. Jeffries,36,2019
C.J. Walker,37,2019
Sam Williamson,38,2019
Mark Watts,39,2019
Patrick Williams,40,2019
Aidan Igiehon,41,2019
Oscar Tshiebwe,42,2019
Boogie Ellis,43,2019
Kofi Cockburn,44,2019
Jalen Wilson,45,2019
De'Vion Harmon,46,2019
E.J. Liddell,47,2019
Anton Watson,48,2019
Akok Akok,49,2019
Omar Payne,50,2019
Drew Timme,51,2019
Kai Jones,52,2019
Romeo Weems,53,2019
Malik Hall,54,2019
Christian Brown,55,2019
Justin Moore,56,2019
Balsa Koprivica,57,2019
Terry Armstrong,58,2019
Max Agbonkpolo,59,2019
Makhi Mitchell,60,2019
Casey Morsell,61,2019
Harlond Beverly,62,2019
P.J. Fuller,63,2019
James Bouknight,64,2019
Lester Quinones,65,2019
Anthony Harris,66,2019
Eric Dixon,67,2019
Donovan Williams,68,2019
Kadin Shedrick,69,2019
Isaiah Wong,70,2019
Juwan Gary,71,2019
Greg Gantt,72,2019
Patrick McCaffery,73,2019
Marcus Watson,74,2019
David Johnson,75,2019
Chandler Lawson,76,2019
Jaime Jaquez,77,2019
Rylan Jones,78,2019
Isaac Johnson,79,2019
Terrence Shannon,80,2019
Tre Mitchell,81,2019
Jaykwon Walton,82,2019
Joshua Nickelberry,83,2019
Elias King,84,2019
Dontaie Allen,85,2019
Dekeyvan Tandy,86,2019
Jaelen House,87,2019
RaeQuan Battle,88,2019
Robbie Beran,89,2019
Khalif Battle,90,2019
Tyrell Terry,91,2019
Cole Bajema,92,2019
Jaylin Williams,93,2019
Qudus Abolaji Wahab,94,2019
Christian Koloko,95,2019
Brycen Goodine,96,2019
Brock Ravet,97,2019
Chol Marial,98,2019
Tray Jackson,99,2019
Jae'Lyn Withers,100,2019
Ismael Massoud,101,2019
Austin Crowley,102,2019
Avery Anderson,103,2019
Malcolm Dandridge,104,2019
Chris Harris,105,2019
Tristan Enaruna,106,2019
Markese Jacobs,107,2019
Dahmir Bishop,108,2019
Jalen Gaffney,109,2019
Christopher Ledlum,110,2019
Kalib Boone,111,2019
Brandon Newman,112,2019
Damion Baugh,113,2019
Jaylen Forbes,114,2019
Daniel Ramsey,115,2019
Tyrell Jones,116,2019
Sahvir Wheeler,117,2019
Victor Iwuakor,118,2019
Zach Freemantle,119,2019
Tyson Etienne,120,2019
Grant Sherfield,121,2019
Tyreek Smith,122,2019
Diante Smith,123,2019
Armaan Franklin,124,2019
Tre Williams,125,2019
Dylan Disu,126,2019
Jeremiah Francis,127,2019
Dereon Seabron,128,2019
Christian Braun,129,2019
Tyrese Samuel,130,2019
Mario McKinney,131,2019
Kyle Sturdivant,132,2019
James Bishop,133,2019
Toumani Camara,134,2019
Drake London,135,2019
Jalen Hill,136,2019
Donta Scott,137,2019
Al-Amir Dawes,138,2019
Issac McBride,139,2019
Zimife Nwokeji,140,2019
Jordan Turner,141,2019
Naheem McLeod,142,2019
Dajuan Gordon,143,2019
Paul Mulcahy,144,2019
Jaden Shackelford,145,2019
Carl Lewis,146,2019
Joshua Pierre-Louis,147,2019
Samari Curtis,148,2019
Chase Hunter,149,2019
Kevin McCullar,150,2019
Jared Jones,151,2019
Caleb Mills,152,2019
Emanuel Miller,153,2019
Anthony Walker,154,2019
Matthew Van Komen,155,2019
Gerald Drumgoole,156,2019
Babatunde Akingbola,157,2019
Tyler Wahl,158,2019
D.J. Thorpe,159,2019
Bones Hyland,160,2019
Davonte Gaines,161,2019
Jake Kyman,162,2019
Jay Heath,163,2019
Malcolm Wilson,164,2019
Mekhi Long,165,2019
Johnny Juzang,166,2019
Majok Deng,167,2019
Joel Brown,168,2019
Seth Lundy,169,2019
Raymond Hawkins,170,2019
Dieonte Miles,171,2019
Maxwell Lorca-Lloyd,172,2019
Joe Girard,173,2019
Scotty Pippen,174,2019
Antavion Collum,175,2019
Mason Gillis,176,2019
RJ Blakney,177,2019
Emmanuel Taban,178,2019
Charles Smith,179,2019
Keylan Boone,180,2019
T.J. Hargrove,181,2019
Donovan Gregory,182,2019
Kenyon Martin Jr.,183,2019
Oscar Lopez,184,2019
Shereef Mitchell,185,2019
Isaiah Thompson,186,2019
Miles McBride,187,2019
Karim Coulibaly,188,2019
Andre Gordon,189,2019
Tre Jackson,190,2019
Marquise Kennedy,191,2019
Sherif Kenney,192,2019
Yavuz Gultekin,193,2019
Chris Payton,194,2019
Luke Anderson,195,2019
Jalyn McCreary,196,2019
Jovan Blacksher,197,2019
Joe Toussaint,198,2019
Jahmir Young,199,2019
Jacob Germany,200,2019
Antwan January,201,2019
Trae Hannibal,202,2019
Kyle Owens,203,2019
Drew Pember,204,2019
Yuri Collins,205,2019
Montavious Murphy,206,2019
Mylik Wilson,207,2019
Jamon Kemp,208,2019
Ryan Langborg,209,2019
Makhel Mitchell,210,2019
Tyson Jackson,211,2019
Iverson Molinar,212,2019
Isaiah Stevens,213,2019
Isaiah Mosley,214,2019
Marcedus Leech,215,2019
Mahamadou Diawara,216,2019
Kobe Brown,217,2019
Pavel Zakharov,218,2019
Gianni Hunt,219,2019
Isaiah Hawthorne,220,2019
Justin McKoy,221,2019
Kuany Kuany,222,2019
Jalen Graham,223,2019
Jeremiah Hernandez,224,2019
Quinn Slazinski,225,2019
Nate Ferguson,226,2019
Calvin Felder,227,2019
Antonio Gordon,228,2019
Jakov Kukic,229,2019
Rodney Howard,230,2019
Tyler Burton,231,2019
Jonathan Salazar,232,2019
Jourdan Smith,233,2019
Ethan Anderson,234,2019
Tommy Welch,235,2019
Jarod Lucas,236,2019
Marvin Price,237,2019
Derrick Carter-Hollinger,238,2019
Brenden Tucker,239,2019
Jwan Roberts,240,2019
DeAntoni Gordon,241,2019
Jordan Mitchell,242,2019
BJ Mack,243,2019
Raymond Dennis,244,2019
Damari Monsanto,245,2019
David Roddy,246,2019
Brandon Stone,247,2019
Tujautae Williams,248,2019
EJ Jarvis,249,2019
John Mulloy,250,2019
Noah Fernandes,251,2019
Dericko Williams,252,2019
Nobal Days,253,2019
Justice Hill,254,2019
Chase Paar,255,2019
Abdou Tsimbila,256,2019
Noah Carter,257,2019
Myles Baker,258,2019
Keyshaun Langley,259,2019
Marcus Tsohonis,260,2019
Chico Carter,261,2019
Xavier Johnson,262,2019
Rick Issanza,263,2019
Jalen Thomas,264,2019
Michael Moreno,265,2019
TJ Bickerstaff,266,2019
Darin Green,267,2019
Orlando Robinson,268,2019
Stephan Gabriel,269,2019
Evan Taylor,270,2019
Jordan Hilstock,271,2019
Jamon Battle,272,2019
Chereef Knox,273,2019
Robert McRae,274,2019
Jason Jitoboh,275,2019
Moulaye Sissoko,276,2019
Kamari Williams,277,2019
Deuce Dean,278,2019
Malachi Rhodes,279,2019
Antonio Reeves,280,2019
Ben Roderick,281,2019
Idan Tretout,282,2019
Devin Butts,283,2019
Elijah Pepper,284,2019
Issa Muhammad,285,2019
Ismael Cruz,286,2019
David Skogman,287,2019
Julian Rishwain,288,2019
Imajee Dodd,289,2019
Myron Gardner,290,2019
Matthew Smith,291,2019
Allen Flanigan,292,2019
Mika Adams-Woods,293,2019
Zac Ervin,294,2019
Jon Bol Ajak,295,2019
Gregory Hammond,296,2019
Isaiah Hill,297,2019
Kobe Langley,298,2019
Donavan Moore,299,2019
Jamir Chaplin,300,2019
Damian Dunn,301,2019
Ibrahima Diallo,302,2019
Niven Glover,303,2019
Jordan Wright,304,2019
Joseph Yesufu,305,2019
Tyreke Locure,306,2019
Carrington McCaskill,307,2019
Pierre Crockrell,308,2019
Martynas Arlauskas,309,2019
Jason Eubank,310,2019
Patrick Kelly,311,2019
Wildens Leveque,312,2019
KVonn Cramer,313,2019
Charles Coleman,314,2019
Tre Edwards,315,2019
Damerius Wash,316,2019
Brandon Weatherspoon,317,2019
Darius McBride,318,2019
Wilkenson Isnord,319,2019
Jalen Cone,320,2019
Ciaran Brayboy,321,2019
Tyem Freeman,322,2019
Zachary Crisler,323,2019
Perry Cowan,324,2019
Oumar Ballo,325,2019
Dischon Thomas,326,2019
Kenny Foster,327,2019
Anderson Kopp,328,2019
Aaron Etherington,329,2019
Quincy Guerrier,330,2019
Jalen Benjamin,331,2019
Horace Broadnax,332,2019
Jalen Jackson,333,2019
Dajuan Harris,334,2019
Marsei Caston,335,2019
Hunter Cattoor,336,2019
Emmanuel Kuac,337,2019
Akol Arop,338,2019
Gibson Jimerson,339,2019
Kyle Rode,340,2019
Eric Coleman,341,2019
Keshad Johnson,342,2019
Julien Franklin,343,2019
Justin Winston,344,2019
Cashius McNeilly,345,2019
Thomasi Gilgeous-Alexander,346,2019
Alex Hemenway,347,2019
Marcus Sasser,348,2019
Julius Marble,349,2019
Mattia Acunzo,350,2019
Alex Klatsky,351,2019
Demond Robinson,352,2019
Paxson Wojcik,353,2019
Quinn Richey,354,2019
Greg Tribble,355,2019
Tariq Ingraham,356,2019
Cobie Barnes,357,2019
Jamil Riggins,358,2019
Bryce Cook,359,2019
Ryland Holt,360,2019
Isaiah Ihnen,361,2019
Charles Weber,362,2019
Maceo Austin,363,2019
Jihaun Westbrook,364,2019
John Buggs,365,2019
Raymond Somerville,366,2019
Sedrick Hammond,367,2019
Jamison Battle,368,2019
Ja'Mier Fletcher,369,2019
Francisco Farabello,370,2019
Isaiah Cozart,371,2019
Isaiah Palermo,372,2019
Korbin Cunningham,373,2019
Tylan Pope,374,2019
Joseph Cooper,375,2019
Treauhn Williams,376,2019
Wheza Panzo,377,2019
Damiree Burns,378,2019
Tyrek Chambers,379,2019
Bernardo Da Silva,380,2019
Preston Santos,381,2019
Dakota Rivers,382,2019
Jalen Williams,383,2019
Goodnews Kpegeol,384,2019
Jacques Glover,385,2019
James Keefe,386,2019
Noah Williams,387,2019
Kasean Pryor,388,2019
Brison Waller,389,2019
Bryan Greenlee,390,2019
Christian Ray,391,2019
Jesse Edwards,392,2019
Dearon Tucker,393,2019
Emmanuel Tshimanga,394,2019
Lance Jones,395,2019
Sama'Zha Hart,396,2019
Tony Johnson,397,2019
Abdul Mohamed,398,2019
Michel Dukes,399,2019
Amani Harris,400,2019
Cole Henry,401,2019
DeSean Allen-Eikens,402,2019
Yvan Ouedraogo,403,2019
Edward Turner,404,2019
Marial Mading,405,2019
Noah Kamba,406,2019
Brice Williams,407,2019
Mickey Pearson,408,2019
Sydney Curry,409,2019
Thomas Bruner,410,2019
Treyvon Calvin,411,2019
Daniel Buie,412,2019
Idrissa Bivens,413,2019
Sam Freeman,414,2019
Alejandro Vasquez,415,2019
Ronnie DeGray,416,2019
Dashawn Davis,417,2019
Gob Gabriel,418,2019
Jaden Nielsen-Skinner,419,2019
Isaiah Turner,420,2019
Jonathan McGriff,421,2019
Jesse Zarzuela,422,2019
Olivier Nkamhoua,423,2019
Nicolas-Bastien Elame,424,2019
Olanrewaju Olamuyiwa,425,2019
RJ Campbell,426,2019
Josh Corbin,427,2019
Taelon Martin,428,2019
Jahein Spencer,429,2019
Jake Van Der Heijden,430,2019
Dontavius King,431,2019
Robert Jones,432,2019
Dexter Akanno,433,2019
Julien Wooden,434,2019
Nigel Johns,435,2019
Giovanni Santiago,436,2019
Luka Sakota,437,2019
Joel Soriano,438,2019
Ody Oguama,439,2019
Timothy Ighoefe,440,2019
Jackson Harlan,441,2019
Samuel Hunter,442,2019
Max Fiedler,443,2019
Tariq Balogun,444,2019
Hunter McIntosh,445,2019
Romelle Mansel,446,2019
Declan Porter,447,2019
Caleb Grill,448,2019
Kwane Marble,449,2019
Seth Pinkney,450,2019
Chase Johnston,451,2019
Dajour Rucker,452,2019
Bryant Brown,453,2019
Hyunjung Lee,454,2019
Chris Maidoh,455,2019
Golden Dike,456,2019
Hakim Hart,457,2019
Mikael Jantunen,458,2019
Luke Bumbalough,459,2019
Michael Christmas,460,2019
Shawn Walker,461,2019
Kmani Doughty,462,2019
TaLon Cooper,463,2019
Cade Potter,464,2019
Amari Davis,465,2019
Marion Humphrey,466,2019
Justin Champagnie,467,2019
Drew Lowder,468,2019
Tyler Cochran,469,2019
Lucas Kroft,470,2019
Symir Torrence,471,2019
Courtney Brown,472,2019
Keishawn Davidson,473,2019
Darrius Hughes,474,2019
Mitchell Doherty,475,2019
Daniel Friday,476,2019
Kamar Robertson,477,2019
Jordyn Adams,478,2019
Logan Curtis,479,2019
Mikal Gjerde,480,2019
Spencer Jones,481,2019
Traizon Byrd,482,2019
Issa Samake,483,2019
Liam McChesney,484,2019
Caleb Hodgson,485,2019
Darren Jones,486,2019
Devon McCain,487,2019
Kareem Reid,488,2019
Chris Roberts,489,2019
Aundre Hyatt,490,2019
Taryn Todd,491,2019
Elijah Lawrence,492,2019
Harouna Sissoko,493,2019
Trey Stewart,494,2019
Reed Fenton,495,2019
Cameron Brown,496,2019
Shykeim Phillips,497,2019
Evan Buckley,498,2019
Ishan White,499,2019
Charles Pride,500,2019
Josh Earley,501,2019
Jaden Frazier,502,2019
Ahren Freeman,503,2019
James Betz,504,2019
CJ Wilbourn,505,2019
Josh Oduro,506,2019
Benjamin Smith,507,2019
Isaiah Pope,508,2019
Mark Freeman,509,2019
Ikcaven Curry,510,2019
Javonne Lowery,511,2019
Josh Morgan,512,2019
Blaise Keita,513,2019
Jimmy Bell,514,2019
Lamel Robinson,515,2019
Jahcobi Neath,516,2019
Antonio Thomas,517,2019
Jamonta Black,518,2019
Jared Hankins,519,2019
Cameron Krystkowiak,520,2019
Carter Murphy,521,2019
Jeremiah Davenport,522,2019
Jacoby Decker,523,2019
Tory San Antonio,524,2019
Donyae McCaskill,525,2019
EJ Bellinger,526,2019
Maurice Barnett,527,2019
Rashaun Agee,528,2019
Hunter Dean,529,2019
Martynas Macenis,530,2019
Jalen Windham,531,2019
Jarren McAllister,532,2019
Cade Cunningham,1,2020
Jalen Green,2,2020
Jonathan Kuminga,3,2020
Evan Mobley,4,2020
B.J. Boston,5,2020
Ziaire Williams,6,2020
Scottie Barnes,7,2020
Terrence Clarke,8,2020
Greg Brown,9,2020
Jalen Johnson,10,2020
Jalen Suggs,11,2020
Josh Christopher,12,2020
Moussa Cisse,13,2020
Caleb Love,14,2020
Makur Maker,15,2020
Daishen Nix,16,2020
Day'Ron Sharpe,17,2020
Jaden Springer,18,2020
Keon Johnson,19,2020
Walker Kessler,20,2020
Isaiah Todd,21,2020
Sharife Cooper,22,2020
Bryce Thompson,23,2020
Jeremy Roach,24,2020
Khristian Lander,25,2020
DJ Steward,26,2020
Devin Askew,27,2020
Cam Thomas,28,2020
Mark Williams,29,2020
Josh Hall,30,2020
Isaiah Jackson,31,2020
Nimari Burnett,32,2020
Adam Miller,33,2020
Dawson Garcia,34,2020
Earl Timberlake,35,2020
Marcus Bagley,36,2020
Jabri Abdur-Rahim,37,2020
Jaemyn Brakefield,38,2020
Mady Sissoko,39,2020
Lance Ware,40,2020
Hunter Dickinson,41,2020
Moses Moody,42,2020
Matthew Murrell,43,2020
Samson Ruzhentsev,44,2020
Dalen Terry,45,2020
Micah Peavy,46,2020
Andre Curbelo,47,2020
Henry Coleman,48,2020
JT Thor,49,2020
Cliff Omoruyi,50,2020
MarJon Beauchamp,51,2020
RJ Davis,52,2020
Micawber Etienne,53,2020
Dwon Odom,54,2020
Franck Kepnang,55,2020
Cam'Ron Fletcher,56,2020
Andre Jackson,57,2020
PJ Hall,58,2020
Deivon Smith,59,2020
Trey Patterson,60,2020
Reece Beekman,61,2020
Julian Strawther,62,2020
Camren Hayes,63,2020
Corey Walker,64,2020
Puff Johnson,65,2020
Alex Fudge,66,2020
Kai Sotto,67,2020
KK Robinson,68,2020
Jaxson Robinson,69,2020
Isaiah Cottrell,70,2020
Ian Martinez,71,2020
Dain Dainja,72,2020
Jordan Nesbitt,73,2020
Caleb Murphy,74,2020
Jalen Terry,75,2020
AJ Hoggard,76,2020
Alex Tchikou,77,2020
Dominick Harris,78,2020
Xavier Foster,79,2020
Ben Gregg,80,2020
Hassan Diarra,81,2020
Chibuzo Agbo,82,2020
Tramon Mark,83,2020
Adama Sanogo,84,2020
Joe Bamisile,85,2020
Jaylin Williams,86,2020
Zeb Jackson,87,2020
Mwani Wilkinson,88,2020
Reese Dixon-Waters,89,2020
James Graham,90,2020
Jaden Ivey,91,2020
Josh Primo,92,2020
Kerwin Walton,93,2020
Carter Whitt,94,2020
L.J. Cryer,95,2020
Jaylen Clark,96,2020
Matt Cross,97,2020
Justin Lewis,98,2020
Osasere Ighodaro,99,2020
Karim Mane,100,2020
Kadary Richmond,101,2020
Kenyon Martin Jr.,102,2020
Ryan Kalkbrenner,103,2020
Niels Lane,104,2020
Ethan Morton,105,2020
Ben Carlson,106,2020
Max Murrell,107,2020
John Hugley,108,2020
Ben Mathurin,109,2020
KD Johnson,110,2020
Dominique Clifford,111,2020
William Jeffress,112,2020
Tari Eason,113,2020
Azuolas Tubelis,114,2020
Terrance Williams,115,2020
Keon Ambrose-Hylton,116,2020
Matthew-Alexander Moncrieffe,117,2020
Kerr Kriisa,118,2020
Marquise Rice,119,2020
Jamal Mashburn Jr,120,2020
David Jones,121,2020
Rati Andronikashvili,122,2020
Rondel Walker,123,2020
Colby Jones,124,2020
Kyree Walker,125,2020
DeMarr Langford,126,2020
Olivier-Maxence Prosper,127,2020
Carlos Johnson,128,2020
Maxwell Lewis,129,2020
Jordan Geronimo,130,2020
Keon Edwards,131,2020
Meechie Johnson,132,2020
D'Andre Davis,133,2020
Chris Moore,134,2020
Caleb Wilcher,135,2020
Darius Maddox,136,2020
Shakeel Moore,137,2020
Eugene Brown,138,2020
Zed Key,139,2020
Anthony Leal,140,2020
Jalen Cook,141,2020
Michael O'Connell,142,2020
Woody Newton,143,2020
Pavlo Dziuba,144,2020
Johnny Davis,145,2020
Daniel Batcho,146,2020
Josh Taylor,147,2020
Ty Berry,148,2020
Ahron Ulis,149,2020
Keshawn Williams,150,2020
Steven Crowl,151,2020
Marcus Dockery,152,2020
Pelle Larsson,153,2020
Quante Berry,154,2020
Javonte Brown-Ferguson,155,2020
Justin Powell,156,2020
Zach Loveday,157,2020
Nijel Pack,158,2020
Joshua O'Garro,159,2020
Noah Taitz,160,2020
Jamari Sibley,161,2020
Jabe Mullins,162,2020
JJ Traynor,163,2020
Ace Adrian Baldwin,164,2020
Trey Galloway,165,2020
Andrej Jakimovski,166,2020
Selton Miguel,167,2020
Isaiah Rivera,168,2020
Tibet Gorener,169,2020
Davonte Davis,170,2020
Richard Springs,171,2020
Myles Tate,172,2020
Isaiah Adams,173,2020
Caleb Lohner,174,2020
JaDun Michael,175,2020
Nick Blake,176,2020
Gabriel Madsen,177,2020
Chris Youngblood,178,2020
Mike Miles,179,2020
Gethro Muscadin,180,2020
Luke Kasubke,181,2020
Davion Bradford,182,2020
Dudley Blackwell,183,2020
Eric Gaines,184,2020
Jakobe Coles,185,2020
Marcus Watson,186,2020
Carson McCorkle,187,2020
Jayden Stone,188,2020
Warren Kidd,189,2020
Terren Frank,190,2020
Chuck Harris,191,2020
Montreal Pena,192,2020
Jamal Shead,193,2020
Richie Saunders,194,2020
Martice Mitchell,195,2020
Javonte Johnson,196,2020
DJ Gordon,197,2020
Lamont Butler,198,2020
Mikeal Brown-Jones,199,2020
Donovan Williams,200,2020
Coleman Hawkins,201,2020
Kiyron Powell,202,2020
Posh Alexander,203,2020
Noah Farrakhan,204,2020
Dayten Holman,205,2020
Hunter Clarke,206,2020
Graham Ike,207,2020
Kario Oquendo,208,2020
Dishon Jackson,209,2020
Aquan Smart,210,2020
Jahari Long,211,2020
Bayron Matos,212,2020
Dylan Cardwell,213,2020
Luke O'Brien,214,2020
Trey Phipps,215,2020
David N'Guessan,216,2020
Noah Collier,217,2020
Che Evans,218,2020
Dayvion McKnight,219,2020
Lorne Bowman,220,2020
Nate Tabor,221,2020
Darius Miles,222,2020
Ishmael Leggett,223,2020
Taj Thweatt,224,2020
Ramean Hinton,225,2020
Myles Stute,226,2020
Keondre Montgomery,227,2020
Evan Nelson,228,2020
Jahmal Banks,229,2020
Tristan Maxwell,230,2020
Jalin Anderson,231,2020
Brandon Angel,232,2020
Joshua Gray,233,2020
Dimingus Stevens,234,2020
Tre Coleman,235,2020
Malachi Wideman,236,2020
Maliq Carr,237,2020
Amound Anderson,238,2020
Jamille Reynolds,239,2020
Matt Zona,240,2020
Ja'Queze Kirby,241,2020
Victor Rosa,242,2020
Nick Farrar,243,2020
Justice Ajogbor,244,2020
Ebenezer Dowuona,245,2020
Brandon Stroud,246,2020
Jhaylon Martinez,247,2020
Connor Kochera,248,2020
Hayden Hefner,249,2020
Marchelus Avery,250,2020
Jaylin Jackson-Posey,251,2020
Jace Whiting,252,2020
Dionte Blanch,253,2020
Isiah Warfield,254,2020
Jackson Sivills,255,2020
Elijah Taylor,256,2020
Judah Brown,257,2020
Jamir Watkins,258,2020
Mark Sears,259,2020
Matt Nicholson,260,2020
Elijah Wood,261,2020
Jyare Davis,262,2020
Leonardo Colimerio,263,2020
Lukas Frazier,264,2020
Mason Falslev,265,2020
Donovan Yap,266,2020
Michael Saunders,267,2020
Wendell Green,268,2020
Caleb McGill,269,2020
Michael Eads,270,2020
Ladamien Bradford,271,2020
Joshua Banks,272,2020
Mitchell Saxen,273,2020
Chanse Robinson,274,2020
Burke Smith,275,2020
TJ Bamba,276,2020
Jason Harris,277,2020
Mason Madsen,278,2020
Tyler Patterson,279,2020
Sincere Parker,280,2020
Grant Huffman,281,2020
Dylan Branson,282,2020
Dallion Johnson,283,2020
Carter Gilmore,284,2020
Camren Pierce,285,2020
Kendall Munson,286,2020
Even Brauns,287,2020
Dante Maddox,288,2020
Obinna Anochili-Killen,289,2020
Ronald Polite,290,2020
Sam Godwin,291,2020
Jahlil White,292,2020
Tony Perkins,293,2020
Baylor Hebb,294,2020
Myles Wilmoth,295,2020
Eddie Lampkin,296,2020
Desmond Polk,297,2020
Yussif Basa-Ama,298,2020
Fallou Diagne,299,2020
Nathan Heise,300,2020
Liam Lloyd,301,2020
Garvin Clarke,302,2020
Andre Harris,303,2020
Javon Benson,304,2020
Mason Hooks,305,2020
Clark Slajchert,306,2020
Javohn Garcia,307,2020
Raejon Figures,308,2020
Keith Dinwiddie,309,2020
Jayden Johnson,310,2020
Josh Hemmings,311,2020
Jeremiah Williams,312,2020
Zachary Anderson,313,2020
Cairo McCrory,314,2020
Alem Huseinovic,315,2020
Detrick Reeves,316,2020
Darrick Jones,317,2020
Raysean Taylor,318,2020
Cameron Matthews,319,2020
Dillon Jones,320,2020
DeAndre Henry,321,2020
Robby Beasley,322,2020
Dyson Koehler,323,2020
Ryan Rollins,324,2020
Darlinstone Dubar,325,2020
D.J. Davis,326,2020
Drake Dobbs,327,2020
Andersson Garcia,328,2020
Christian Fussell,329,2020
Bryce Monroe,330,2020
Jordan Hall,331,2020
Jabari Walker,332,2020
Josiah Freeman,333,2020
Xavier DuSell,334,2020
Patrick Iriel,335,2020
Dallin Hall,336,2020
Jacob Jennissen,337,2020
Nicholas McMullen,338,2020
Dalton Banks,339,2020
Akeem Odusipe,340,2020
Thomas Howell,341,2020
Tony Sanders,342,2020
Jacob Hutson,343,2020
Treylan Smith,344,2020
David Green,345,2020
Johnell Davis,346,2020
Mabor Majak,347,2020
Caleb London,348,2020
Isaiah Wilson,349,2020
Isaac Lindsey,350,2020
Milton Matthews,351,2020
Jared Garcia,352,2020
Jaren Johnson,353,2020
Jajuan Carr,354,2020
Max Amadasun,355,2020
Caleb Dorsey,356,2020
Jalen Haynes,357,2020
Quincy McGriff,358,2020
Kenneth Lofton,359,2020
Terrance Thompson,360,2020
Jaden Walker,361,2020
Jamal West,362,2020
Trey Hall,363,2020
Keishon Porter,364,2020
Tymu Chenery,365,2020
Justin Thomas,366,2020
Andre Screen,367,2020
Darius Burford,368,2020
Javarzia Belton,369,2020
Josiah Fulcher,370,2020
Kobe Clark,371,2020
Naseem Khaalid,372,2020
Darius Hannah,373,2020
Jaquan Scott,374,2020
Donte Houston,375,2020
Zach Martini,376,2020
Eric Butler,377,2020
Kaleb Scott,378,2020
Jalen Celestine,379,2020
Jaylon Gibson,380,2020
Melvin Edwards,381,2020
Terrence Edwards,382,2020
Paris Dawson,383,2020
Kenny White,384,2020
Jordan Meka,385,2020
Marcus Fitzgerald,386,2020
Noel Brown,387,2020
Quadry Adams,388,2020
Ricky Council IV,389,2020
J'Vonne Hadley,390,2020
Marcus Niblack,391,2020
Marques Warrick,392,2020
Dean Reiber,393,2020
Josh Ogundele,394,2020
Emory Lanier,395,2020
Andrew Welage,396,2020
Dante Harris,397,2020
Jamaine Mann,398,2020
Paul Smith,399,2020
Dylan Wusu,400,2020
Christian Shumate,401,2020
Khalil Shaheed,402,2020
Austin Cook,403,2020
Rubin Jones,404,2020
Jhamir Brickus,405,2020
Jordan Sears,406,2020
Anthony Thomas,407,2020
Andre Henry,408,2020
Andrew Laczkowski,409,2020
Justin Williams,410,2020
Luke Kolaja,411,2020
Taelon Martin,412,2020
Nolan Dorsey,413,2020
Roger McFarlane,414,2020
Rashad Weekly-McDaniels,415,2020
Zion Bethea,416,2020
Brandyn Talbot,417,2020
Jair Currie,418,2020
Quevian Adger,419,2020
Skylar Wicks,420,2020
Tyler Brinkman,421,2020
Michael Thomas,422,2020
Bowen Born,423,2020
Jordan Toles,424,2020
Justin Wright,425,2020
Jaden Seymour,426,2020
Matthew Allocco,427,2020
Ahmil Flowers,428,2020
Max Klesmit,429,2020
Zach Edey,430,2020
Djimon Bailey,431,2020
Marcus Williams,432,2020
Jacobi Wood,433,2020
Trey Robinson,434,2020
Jacob Ognacevic,435,2020
Richard Amaefule,436,2020
Brandon Whitney,437,2020
Jarvis Walker,438,2020
Malik Henry,439,2020
David Cheatom,440,2020
Raekwon Horton,441,2020
Boden Skunberg,442,2020
Justin Vander Baan,443,2020
Giancarlo Rosado,444,2020
Jake Milkereit,445,2020
Phillip Russell,446,2020
Kobe Sanders,447,2020
Julian Larry,448,2020
Katrell Raimey,449,2020
John Thomas Tan,450,2020
Jahmari Harvey,451,2020
Anthony Hunter,452,2020
Toneari Lane,453,2020
Amir Nesbitt,454,2020
Jordan Davis,455,2020
Brady O'Connell,456,2020
Andre Weir-Balmaceda,457,2020
Hakim Byrd,458,2020
Thailand Elder,459,2020
Ryan Isaacson,460,2020
Zaire Rogers,461,2020
Marcellus Brigham,462,2020
Kaimen Lennox,463,2020
Tyrae Washington,464,2020
AJ McGee,465,2020
Caden Boser,466,2020
Xavier Lipscomb,467,2020
Jacob Crews,468,2020
Connor Christensen,469,2020
Braelon Bush,470,2020
Jadin Booth,471,2020
Dominique Ford,472,2020
Ty Anderson,473,2020
William Dunn,474,2020
Aidan Prukop,475,2020
Antione Bloxton,476,2020
Dante Bell,477,2020
Logan McLaughlin,478,2020
Abdoul-Mounir Hima,479,2020
Yassine Gharram,480,2020
Quinten Rock,481,2020
Gabe Wiznitzer,482,2020
Za-Ontay Boothman,483,2020
Jermontae Hill,484,2020
Payton Brown,485,2020
Tayson Parker,486,2020
Jonathan Aybar,487,2020
Ben Li,488,2020
Isaiah Caldwell,489,2020
Caleb Zurliene,490,2020
Victor Young,491,2020
Xavier Bell,492,2020
Noah King,493,2020
Ryan Evans,494,2020
Will Berg,495,2020
Ja'Quavian Florence,496,2020
Dwayne Koroma,497,2020
Von Cameron Davis,498,2020
Hunter Ruck,499,2020
Tyrin Lawrence,500,2020
William Mfum,501,2020
Charles Yoder,502,2020
James Berry,503,2020
Davon Richardson,504,2020
Jon Brantley,505,2020
Jerry Iliya,506,2020
Luka Eller,507,2020
Demetrius Calip,508,2020
Sadaidriene Hall,509,2020
Monty Bowser,510,2020
Delonnie Hunt,511,2020
Jake Murphy,512,2020
Femi Odukale,513,2020
Supreme Cook,514,2020
Jarrett Hensley,515,2020
Shamir Bogues,516,2020
Kiimani Holt,517,2020
Chet Holmgren,1,2021
Paolo Banchero,2,2021
Jaden Hardy,3,2021
Emoni Bates,4,2021
Jalen Duren,5,2021
Jabari Smith,6,2021
Patrick Baldwin,7,2021
Caleb Houstan,8,2021
Kennedy Chandler,9,2021
Scoot Henderson,10,2021
Peyton Watson,11,2021
Kendall Brown,12,2021
JD Davison,13,2021
AJ Griffin,14,2021
Daimion Collins,15,2021
Hunter Sallis,16,2021
Moussa Diabate,17,2021
Harrison Ingram,18,2021
Michael Foster,19,2021
Max Christie,20,2021
Matthew Cleveland,21,2021
TyTy Washington,22,2021
Trevor Keels,23,2021
Aminu Mohammed,24,2021
Nathan Bittle,25,2021
Efton Reid,26,2021
Brandon Huntley-Hatfield,27,2021
Bryce McGowens,28,2021
Enoch Boakye,29,2021
Nolan Hickman,30,2021
Charles Bediako,31,2021
Benny Williams,32,2021
Emmanuel Obaseki,33,2021
Bryce Hopkins,34,2021
Malaki Branham,35,2021
Jalen Warley,36,2021
Langston Love,37,2021
Jaylon Tyson,38,2021
Josh Minott,39,2021
DaRon Holmes,40,2021
Trey Kaufman,41,2021
Arthur Kaluma,42,2021
Tyrese Hunter,43,2021
Kaden Perry,44,2021
Tamar Bates,45,2021
Kobe Bufkin,46,2021
Jordan Hawkins,47,2021
Daeshun Ruffin,48,2021
Caleb Furst,49,2021
Zachary Clemence,50,2021
Frankie Collins,51,2021
Will McClendon,52,2021
Dallan Coleman,53,2021
Jonas Aidoo,54,2021
Dontrez Styles,55,2021
Rahsool Diggins,56,2021
Kowacie Reeves,57,2021
Jordan Longino,58,2021
Jahmai Mashack,59,2021
Jaden Akins,60,2021
Lawson Lovering,61,2021
Pierre Brooks,62,2021
Ernest Ross,63,2021
Mouhamed Gueye,64,2021
Zion Harmon,65,2021
D'Marco Dunn,66,2021
John Butler,67,2021
Trey Alexander,68,2021
Isael Silva,69,2021
Roosevelt Wheeler,70,2021
Jackson Grant,71,2021
Julian Reese,72,2021
K.J. Adams,73,2021
Brandon Weston,74,2021
Samson Johnson,75,2021
Mason Miller,76,2021
Jakai Robinson,77,2021
Logan Duncomb,78,2021
Malik Thomas,79,2021
Ryan Nembhard,80,2021
Mike James,81,2021
David Joplin,82,2021
Shane Nowell,83,2021
Ahamad Bynum,84,2021
Wesley Cardet,85,2021
Kenneth Simpson,86,2021
Nnanna Njoku,87,2021
Ramses Melendez,88,2021
Jusaun Holt,89,2021
Quincy Allen,90,2021
Jerrell Colbert,91,2021
Ike Cornish,92,2021
Cesare Edwards,93,2021
Shane Dezonie,94,2021
CJ Noland,95,2021
Chucky Hepburn,96,2021
Terquavion Smith,97,2021
Miles Kelly,98,2021
Devin Carter,99,2021
Blake Wesley,100,2021
Emarion Ellis,101,2021
Tucker Devries,102,2021
Bensley Joseph,103,2021
Wilhelm Breidenbach,104,2021
Bobby Pettiford,105,2021
Wade Taylor,106,2021
Samuel Onu,107,2021
Chance Moore,108,2021
Jacobi Wright,109,2021
Luke Goode,110,2021
Johnathan Lawson,111,2021
Zaon Collins,112,2021
Stevie Mitchell,113,2021
Isaiah Barnes,114,2021
Sean Pedulla,115,2021
Nisine Poplar,116,2021
Brandin Podziemski,117,2021
Chris Hodges,118,2021
Casey Simmons,119,2021
Kaleb Washington,120,2021
Jordan Riley,121,2021
Matthew Mors,122,2021
Brandon Murray,123,2021
Kyle Cuffe,124,2021
Elijah Tucker,125,2021
Will Tschetter,126,2021
Jaylen Blakes,127,2021
Ryan Conway,128,2021
Ramon Walker,129,2021
Gianni Thompson,130,2021
Treyton Thompson,131,2021
Tyler Powell,132,2021
Peyton Daniels,133,2021
John Camden,134,2021
Mouhamed Lamine Mbaye,135,2021
Javier Francis,136,2021
Joshua Beadle,137,2021
Darius Johnson,138,2021
Rafeal Castro,139,2021
Tyler Beard,140,2021
Fanbo Zeng,141,2021
Julian Roper,142,2021
Alden Applewhite,143,2021
Duncan Powell,144,2021
Kameron Jones,145,2021
Payton Sandfort,146,2021
Douglas Konieczny,147,2021
Gabriel Dorsey,148,2021
Brenton Knapper,149,2021
Keshawn Murphy,150,2021
Robert McCray,151,2021
Glenn Taylor,152,2021
Tyson Degenhart,153,2021
Anton Brookshire,154,2021
Michael Trigg,155,2021
Jeremy Sochan,156,2021
Jalen Ricks,157,2021
Jake Wahlin,158,2021
Jalen Miller,159,2021
Pierce Thomas,160,2021
Zach Hicks,161,2021
John Poulakidas,162,2021
Elijah Hutchins-Everett,163,2021
Obinna Anyanwu,164,2021
Louis Lesmond,165,2021
Josh Farmer,166,2021
Ryan Mutombo,167,2021
Breon Pass,168,2021
Ian Schieffelin,169,2021
Marsalis Roberson,170,2021
Sekou Gassama,171,2021
Anthony Sayles,172,2021
Harrison Hornery,173,2021
Taine Murray,174,2021
Jalen Weaver,175,2021
Mike Mitchell,176,2021
Demari Williams,177,2021
John Christofilis,178,2021
Cameron McDowell,179,2021
Malachi Smith,180,2021
Nathaniel Santos,181,2021
Kordell Charles,182,2021
Khalil Brantley,183,2021
Andrew Morgan,184,2021
James White,185,2021
Jaquan Carlos,186,2021
Troy DAmico,187,2021
Cole Anderson,188,2021
Lucas Taylor,189,2021
Brooks Barnhizer,190,2021
Kenny Pohto,191,2021
Jalin Billingsley,192,2021
Anthony Swift,193,2021
Bez Mbeng,194,2021
Ethan Potter,195,2021
Cameron Hildreth,196,2021
Bijan Cortes,197,2021
Robbie Armbrester,198,2021
Erik Reynolds,199,2021
Ty Johnson,200,2021
Trey Moss,201,2021
Houston Mallette,202,2021
Keshon Gilbert,203,2021
Brayon Freeman,204,2021
Chris Howell,205,2021
Terran Williams,206,2021
Tafara Gapare,207,2021
Kalen Etzler,208,2021
Desmond Watson,209,2021
Julian Hammond,210,2021
Stefan Todorovic,211,2021
Yaya Keita,212,2021
Sean Durugordon,213,2021
Dallin Grant,214,2021
Trevon Brazile,215,2021
Seth Wilson,216,2021
Javon Ruffin,217,2021
Brody Peebles,218,2021
Angelo Brizzi,219,2021
Walter Clayton,220,2021
DJ Hughes,221,2021
Markus Ilver,222,2021
TaQuan Woodley,223,2021
Drissa Traore,224,2021
Scotty Washington,225,2021
Zhuric Phelps,226,2021
Jayden Taylor,227,2021
Jayden Nunn,228,2021
Adama Bal,229,2021
Tre Carroll,230,2021
Lynn Greer,231,2021
Bretner Mutombo,232,2021
Nathan Rawlins-Kibonge,233,2021
Kok Yat,234,2021
Ben Schwieger,235,2021
Adaryll Neal,236,2021
Jalen Smith,237,2021
Russell Felton,238,2021
Teafale Lenard,239,2021
Kobe Johnson,240,2021
William Felton,241,2021
Eric Van Der Heijden,242,2021
Lamaj Lewis,243,2021
Cade Meyer,244,2021
Bennett Pitcher,245,2021
PJ Edwards,246,2021
James Nobles,247,2021
Kaleb Stewart,248,2021
Cam Carter,249,2021
Denham Wojcik,250,2021
Jalen Blackmon,251,2021
Quentin Diboundje,252,2021
Jalen Lake,253,2021
Scottie Ebube,254,2021
Randy Brady,255,2021
Cameron Palesse,256,2021
